mysql> SELECT * FROM employee
    -> ORDER BY salary DESC;
+--------+-------+----------+---------+------------+---------+
| emp_id | ename | job      | salary  | hiredate   | dept_id |
+--------+-------+----------+---------+------------+---------+
|    102 | Sam   | Manager  | 5000.00 | 1982-03-19 |       3 |
|    104 | Ravi  | salesman | 3400.00 | 1997-05-14 |       4 |
|    101 | John  | Salesman | 2500.00 | 1981-04-10 |       1 |
|    103 | Nina  | Clerk    | 1800.00 | 1981-06-01 |       2 |
+--------+-------+----------+---------+------------+---------+
4 rows in set (0.690 sec)

mysql> select * from employee
    -> order by ename asc;
+--------+-------+----------+---------+------------+---------+
| emp_id | ename | job      | salary  | hiredate   | dept_id |
+--------+-------+----------+---------+------------+---------+
|    101 | John  | Salesman | 2500.00 | 1981-04-10 |       1 |
|    103 | Nina  | Clerk    | 1800.00 | 1981-06-01 |       2 |
|    104 | Ravi  | salesman | 3400.00 | 1997-05-14 |       4 |
|    102 | Sam   | Manager  | 5000.00 | 1982-03-19 |       3 |
+--------+-------+----------+---------+------------+---------+
4 rows in set (0.008 sec)

mysql> select * from employee
    -> where job='clerk';
+--------+-------+-------+---------+------------+---------+
| emp_id | ename | job   | salary  | hiredate   | dept_id |
+--------+-------+-------+---------+------------+---------+
|    103 | Nina  | Clerk | 1800.00 | 1981-06-01 |       2 |
+--------+-------+-------+---------+------------+---------+
1 row in set (0.005 sec)

mysql> select * from employee
    -> where salary between 1500 and 3500;
+--------+-------+----------+---------+------------+---------+
| emp_id | ename | job      | salary  | hiredate   | dept_id |
+--------+-------+----------+---------+------------+---------+
|    101 | John  | Salesman | 2500.00 | 1981-04-10 |       1 |
|    103 | Nina  | Clerk    | 1800.00 | 1981-06-01 |       2 |
|    104 | Ravi  | salesman | 3400.00 | 1997-05-14 |       4 |
+--------+-------+----------+---------+------------+---------+
3 rows in set (0.192 sec)

mysql> commit;
Query OK, 0 rows affected (0.003 sec)